,epoch,times,negative ll,purity,cluster_partition
0,0,-69402.66963999995,51022.53125,0.22181221812218124,0.0
1,1,-44226.06899999999,49871.140625,0.23739237392373924,0.0
2,2,-58466.16569999998,50975.7421875,0.25789257892578926,0.0
3,3,-72975.90758000006,51555.1328125,0.31160311603116025,0.0
4,4,-87486.47876000003,53181.38671875,0.34481344813448134,0.0
5,5,-101557.94326000003,58006.71875,0.3427634276342763,0.0
6,6,-115859.18674000015,96239.0546875,0.3398933989339893,0.0
