purity,created_at
0.20254202542025418,2021-05-21 19:08:05.340188
