,train_loss,train_pur,train_time
0,1348.952880859375,0.4104166626930237,3.788022041320801
1,-1420.27978515625,0.40416666865348816,6.925212860107422
2,-2456.20654296875,0.3760416805744171,10.204621315002441
3,-3172.822998046875,0.3802083432674408,13.443777084350586
4,-5149.15380859375,0.36770832538604736,16.560653686523438
