purity,created_at
0.19967199671996722,2021-05-21 19:04:29.378399
