,train_loss,train_pur,train_time
0,-3.5601725578308105,0.39895832538604736,4.862076282501221
1,-2579.487548828125,0.3843750059604645,8.919981002807617
2,-4238.98876953125,0.4177083373069763,12.934293746948242
3,-7130.869140625,0.4052083194255829,16.97530746459961
4,-8258.7529296875,0.40833333134651184,21.02484703063965
