,train_loss,train_pur,train_time
0,715.2636108398438,0.4229166805744171,4.392406940460205
1,-2188.542724609375,0.3958333432674408,8.081053733825684
2,-3631.523193359375,0.37812501192092896,11.067256927490234
3,-6050.37158203125,0.40416666865348816,14.750927925109863
4,-7881.56005859375,0.4010416567325592,18.406230926513672
