,epoch,times,negative ll,purity,cluster_partition
0,0,-69300.18406000003,51076.34765625,0.22591225912259122,0.0
1,1,-44227.53638000002,50322.99609375,0.25338253382533826,0.0
2,2,-58522.166260000085,51588.74609375,0.3103731037310373,0.0
3,3,-73026.95299999992,50324.1953125,0.3587535875358754,0.0
4,4,-87574.40719999999,50925.34375,0.37925379253792535,0.0
5,5,-101678.09187999999,52334.00390625,0.38007380073800734,0.0
6,6,-115969.94720000002,53639.859375,0.38294382943829436,0.0
