purity,created_at
0.83125,2021-05-21 18:27:44.421878
