purity,created_at
0.9500000000000001,2021-05-21 18:44:01.288945
