purity,created_at
0.35250000000000004,2021-05-21 18:32:41.234762
