,epoch,times,negative ll,purity,cluster_partition
0,0,-67652.29857999992,47831.70703125,0.20869208692086919,0.0
1,1,-43825.29580000002,47926.171875,0.2279622796227962,0.0
2,2,-58114.80939999994,49936.6015625,0.26240262402624026,0.0
3,3,-72715.23621999993,50652.234375,0.3025830258302583,0.0
4,4,-87004.34185999999,51010.375,0.3173431734317343,0.0
5,5,-101772.60570000013,51892.53515625,0.3288232882328823,0.0
6,6,-113422.19544000021,54501.26171875,0.3403034030340304,0.0
