purity,created_at
0.2045920459204592,2021-05-21 19:09:52.534490
