purity,created_at
0.86875,2021-05-21 18:24:31.524458
