,epoch,times,negative ll,purity,cluster_partition
0,0,-9424.92554,53406.8203125,0.2164821648216482,0.0
1,1,-7481.9373,53137.71484375,0.22427224272242718,0.0
2,2,-12625.968360000003,54087.47265625,0.2689626896268963,0.0
3,3,-27896.259219999996,53206.890625,0.3173431734317343,0.0
4,4,-37090.45908,51501.4609375,0.3460434604346043,0.0
5,5,-40880.41394,51057.2109375,0.3558835588355883,0.0
6,6,-68644.86180000001,51284.99609375,0.3485034850348503,0.0
