,epoch,times,negative ll,purity,cluster_partition
0,0,-64641.394519999994,50615.76171875,0.2230422304223042,0.0
1,1,-46208.65594,49084.453125,0.24231242312423118,0.0
2,2,-56358.79822000001,49893.09765625,0.2697826978269783,0.0
3,3,-76370.69118,51689.25390625,0.29725297252972527,0.0
4,4,-92136.59441999996,55215.8515625,0.3267732677326773,0.0
5,5,-104309.57574,63433.69921875,0.34399343993439935,0.0
6,6,-118530.40309999997,121000.453125,0.35219352193521936,0.0
