purity,created_at
0.8512500000000001,2021-05-21 18:26:11.447879
