,train_loss,train_pur,train_time
0,3.8675079345703125,0.9921875,5.083917617797852
1,1.44151771068573,0.503125011920929,6.674165725708008
2,0.6125726699829102,0.9906250238418579,8.132583618164062
3,0.3198814392089844,0.9921875,9.711730003356934
4,0.19657354056835175,0.989062488079071,11.32137680053711
5,0.13622447848320007,0.9906250238418579,13.025335311889648
6,0.10348895937204361,0.9906250238418579,14.541345596313477
7,0.08407177031040192,0.9921875,16.218971252441406
8,0.0715927705168724,0.9906250238418579,17.846923828125
9,0.06296326220035553,0.9906250238418579,19.521421432495117
10,0.05659607797861099,0.9906250238418579,21.213293075561523
11,0.05164492875337601,0.9906250238418579,22.757476806640625
12,0.04763596132397652,0.9906250238418579,24.343408584594727
13,0.04428963363170624,0.9906250238418579,25.93720245361328
14,0.041431911289691925,0.9921875,27.564212799072266
15,0.03894864767789841,0.9906250238418579,29.235063552856445
16,0.03676139935851097,0.9921875,30.83023452758789
17,0.03481397405266762,0.9906250238418579,32.4501838684082
18,0.03306486830115318,0.9906250238418579,34.10554885864258
19,0.031482402235269547,0.9921875,35.647987365722656
20,0.030041923746466637,0.9906250238418579,37.3135986328125
21,0.028723811730742455,0.9906250238418579,38.987060546875
22,0.027512189000844955,0.9906250238418579,40.610618591308594
23,0.026394015178084373,0.9937499761581421,42.21855163574219
24,0.025358477607369423,0.9906250238418579,43.87860107421875
