,train_loss,train_pur,train_time
0,320.083984375,0.3968749940395355,3.5487120151519775
1,-2626.135986328125,0.38749998807907104,6.603461265563965
2,-5069.7314453125,0.4020833373069763,9.94845199584961
3,-7625.74072265625,0.3843750059604645,13.139873504638672
4,-8302.3837890625,0.4104166626930237,16.36475372314453
