,train_loss,train_pur,train_time
0,510.4698791503906,0.4104166626930237,5.501953125
1,-1984.3333740234375,0.40625,10.39303970336914
2,-2379.4453125,0.390625,15.300127983093262
3,-2536.33056640625,0.36250001192092896,20.42690658569336
4,-2627.04833984375,0.36666667461395264,25.281816482543945
