,train_loss,train_pur,train_time
0,800.3236083984375,0.4166666567325592,3.6420347690582275
1,-2192.6484375,0.40625,6.729425430297852
2,-3960.88818359375,0.40833333134651184,9.787273406982422
3,-6623.2216796875,0.3854166567325592,12.78250503540039
4,-8129.86865234375,0.3802083432674408,15.822456359863281
