,epoch,times,negative ll,purity,cluster_partition
0,0,-71312.02864000003,48750.23046875,0.20910209102091015,0.0
1,1,-41981.69239999999,49356.56640625,0.2533825338253382,0.0
2,2,-60187.42888000001,50783.2265625,0.29848298482984825,0.0
3,3,-75101.67631999997,55837.90625,0.33374333743337437,0.0
4,4,-90194.41012000003,86691.1640625,0.3521935219352193,0.0
5,5,-103912.59673999994,534903.9375,0.36572365723657235,0.0
6,6,-118300.90719999993,6741217.0,0.36367363673636743,0.0
