purity,created_at
0.96625,2021-05-21 18:42:01.257926
