,epoch,times,negative ll,purity,cluster_partition
0,0,-69601.11579999997,49562.15625,0.2140221402214022,0.0
1,1,-44169.333199999965,48644.93359375,0.23657236572365722,0.0
2,2,-58586.28895999995,49550.44921875,0.29602296022960223,0.0
3,3,-72908.78983999995,49789.48828125,0.3431734317343173,0.0
4,4,-87482.10361999998,50497.90625,0.3460434604346044,0.0
5,5,-101639.3877800001,50867.7890625,0.35096350963509637,0.0
6,6,-115972.36075999986,51221.41796875,0.36572365723657235,0.0
