,train_loss,train_pur,train_time
0,706.2953491210938,0.37187498807907104,3.4611082077026367
1,-2237.930419921875,0.43541666865348816,6.4341020584106445
2,-4069.50439453125,0.36770832538604736,9.509239196777344
3,-6702.83447265625,0.39791667461395264,12.439305305480957
4,-8120.6787109375,0.3645833432674408,15.327373504638672
