,train_loss,train_pur,train_time
0,1.113434076309204,0.715624988079071,2.9198157787323
1,0.15244871377944946,0.6381250023841858,5.281291961669922
2,0.06864847242832184,0.6393749713897705,7.652997016906738
3,0.04768139496445656,0.6712499856948853,10.026968002319336
4,0.03788318485021591,0.6206250190734863,12.440009117126465
5,0.03181316703557968,0.5862500071525574,14.915715217590332
6,0.02757108025252819,0.5731250047683716,17.220449447631836
7,0.024410603567957878,0.6212499737739563,19.547529220581055
8,0.021953856572508812,0.5799999833106995,21.849323272705078
9,0.019982442259788513,0.5868750214576721,24.229982376098633
10,0.018360672518610954,0.6043750047683716,26.772232055664062
11,0.017000041902065277,0.5731250047683716,29.105575561523438
12,0.015840426087379456,0.5575000047683716,31.53845977783203
13,0.014839481562376022,0.5575000047683716,33.920833587646484
14,0.013966408558189869,0.5743749737739563,36.32103729248047
15,0.013198146596550941,0.5643749833106995,38.808868408203125
16,0.012517035938799381,0.5693749785423279,41.196022033691406
17,0.011909238062798977,0.5643749833106995,43.55692672729492
18,0.011363773606717587,0.5268750190734863,45.96428680419922
19,0.010871754959225655,0.5149999856948853,48.3847770690918
20,0.01042592991143465,0.5950000286102295,50.85270309448242
21,0.010020306333899498,0.6018750071525574,53.19088363647461
22,0.009649873711168766,0.5793750286102295,55.562957763671875
23,0.009310428984463215,0.5774999856948853,57.97883987426758
24,0.00899839773774147,0.44062501192092896,60.34122085571289
