,train_loss,train_pur,train_time
0,2554.92236328125,0.453125,2.9088590145111084
1,1229.99658203125,0.42500001192092896,5.2427496910095215
2,-276.99713134765625,0.40937501192092896,7.640195846557617
3,-1153.4273681640625,0.4260416626930237,10.035667419433594
4,-1754.4224853515625,0.41874998807907104,12.494878768920898
