,epoch,times,negative ll,purity,cluster_partition
0,0,-70652.83515999999,51448.09765625,0.21689216892168922,0.0
1,1,-46020.21762,48990.13671875,0.24559245592455922,0.0
2,2,-61102.967059999995,49617.921875,0.2693726937269373,0.0
3,3,-75298.71951999998,50174.46484375,0.2968429684296843,0.0
4,4,-91744.12981999997,51763.9296875,0.31693316933169335,0.0
5,5,-105692.45456000004,57172.19140625,0.3312833128331283,0.0
6,6,-118384.63953999999,100308.34375,0.3386633866338663,0.0
