,train_loss,train_pur,train_time
0,1206.6634521484375,0.37291666865348816,4.5583176612854
1,-1379.36279296875,0.4375,8.410576820373535
2,-2221.022216796875,0.390625,12.263114929199219
3,-2468.86767578125,0.38333332538604736,16.29035758972168
4,-2617.01513671875,0.40937501192092896,20.28174591064453
