,epoch,times,negative ll,purity,cluster_partition
0,0,-7585.96636,41594.69140625,0.23000000000000004,0.0
1,1,-6367.067300000001,39678.359375,0.266,0.0
2,2,-8452.47432,41219.86328125,0.31700000000000006,0.0
3,3,-10821.64702,42433.0546875,0.35900000000000004,0.0
4,4,-12813.982760000003,46410.484375,0.364,0.0
5,5,-15052.79748,60564.89453125,0.35850000000000004,0.0
6,6,-17069.47757999999,140018.03125,0.358,0.0
